3061_BTA_List_SalvageYard_Medium,,,
mechdef_arcticwolf_ACW-Prime,MechPart,1,5
mechdef_blacklanner_BKL-PRIME,MechPart,1,5
mechdef_clint_CLNT-IIC,MechPart,1,5
mechdef_conjurer_WVR-IIC,MechPart,1,5
mechdef_coyotl_CTY-PRIME,MechPart,1,5
mechdef_fox_CS-1,MechPart,1,5
mechdef_grendel_GRD-PRIME,MechPart,1,5
mechdef_hammerhead_HHD-1,MechPart,1,5
mechdef_hellhound_1,MechPart,1,5
mechdef_hunchback_HBK-IIC,MechPart,1,5
mechdef_huntsman_HMN-PRIME,MechPart,1,5
mechdef_iceferret_IFR-PRIME,MechPart,1,5
mechdef_medusa_MED-1,MechPart,1,5
mechdef_nova_PRIME,MechPart,1,5
mechdef_phantom_PHN-Prime,MechPart,1,5
mechdef_septicemia_SPT-PRIME,MechPart,1,5
mechdef_shadowcat_PRIME,MechPart,1,5
mechdef_stormcrow_PRIME,MechPart,1,5
mechdef_vaporeagle_VGL-1,MechPart,1,5
mechdef_viper_PRIME,MechPart,1,5
mechdef_wyvern_WVE-IIC,MechPart,1,5
mechdef_blackjack_BJ-2,MechPart,1,5
mechdef_blackjack_BJ2-O-PRIME,MechPart,1,5
mechdef_blitzkrieg_BTZ-3F,MechPart,1,5
mechdef_bombard_BMB-013,MechPart,1,5
mechdef_buccaneer_BCN-3R,MechPart,1,5
mechdef_bushwacker_BSW-X1,MechPart,1,5
mechdef_centurion_CN9-D,MechPart,1,5
mechdef_centurion_CN10-B,MechPart,1,5
mechdef_chameleon_CLN-7Z,MechPart,1,5
mechdef_chimera_CMA-1S,MechPart,1,5
mechdef_cicada_CDA-3F,MechPart,1,5
mechdef_clint_CLNT-2-3U,MechPart,1,5
mechdef_corsair_COR-3PA,MechPart,1,5
mechdef_dervish_DV-7D,MechPart,1,5
mechdef_enfield_END-6Q,MechPart,1,5
mechdef_enforcer_ENF-5D,MechPart,1,5
mechdef_excavatormech_EXV-4K,MechPart,1,5
mechdef_firestarter_O-PRIME,MechPart,1,5
mechdef_gladiator_GLD-3R,MechPart,1,5
mechdef_griffin_GRF-3M,MechPart,1,5
mechdef_hazard_HZD-2C,MechPart,1,5
mechdef_hazardii_HZD-2-3M,MechPart,1,5
mechdef_hellspawn_HSN-7D,MechPart,1,5
mechdef_hephaestus_HAE-O,MechPart,1,5
mechdef_hermesii_HER-2S,MechPart,1,5
mechdef_hollanderii_BZK-F5,MechPart,1,5
mechdef_hoplite_HOP-4C,MechPart,1,5
mechdef_hunchback_HBK-4G,MechPart,1,5
mechdef_huronw_HUR-WO-R4M,MechPart,1,5
mechdef_hyena_HYN-4A,MechPart,1,5
mechdef_icarusii_ICR-2S,MechPart,1,5
mechdef_kintaro_KTO-19,MechPart,1,5
mechdef_komodo_KIM-2,MechPart,1,5
mechdef_kyudo_KY2-D-02,MechPart,1,5
mechdef_lynx_LNX-9Q,MechPart,1,5
mechdef_mercuryii_MCY-100,MechPart,1,5
mechdef_munin_MN-1B,MechPart,1,5
mechdef_mushu_MHU-2R,MechPart,1,5
mechdef_nagual_S-NG-LAM,MechPart,1,5
mechdef_naja_KTO-19b-EC,MechPart,1,5
mechdef_osprey_OSP-15,MechPart,1,5
mechdef_phoenix_PX-3R,MechPart,1,5
mechdef_phoenixhawk_PHX-HK1,MechPart,1,5
mechdef_preta_X-PRT-O-CONDITUS,MechPart,1,5
mechdef_screamer_SCR-1X-LAM,MechPart,1,5
mechdef_sentinel_STN-1S,MechPart,1,5
mechdef_shadowhawk_SHD-5M,MechPart,1,5
mechdef_shayu_SYU-2B,MechPart,1,5
mechdef_stagii_STG-24G,MechPart,1,5
mechdef_starslayer_STY-2C,MechPart,1,5
mechdef_strider_SR1-O,MechPart,1,5
mechdef_surtur_SUR-T1,MechPart,1,5
mechdef_swordsman_SWD-2,MechPart,1,5
mechdef_talos_TLS-2B,MechPart,1,5
mechdef_trebuchet_TBT-7M,MechPart,1,5
mechdef_uziel_UZL-3S,MechPart,1,5
mechdef_vindicator_VND-1R,MechPart,1,5
mechdef_volkh_VKH-1,MechPart,1,5
mechdef_whitworth_WTH-2,MechPart,1,5
mechdef_wight_WGT-1LAW-SC,MechPart,1,5
mechdef_wolverine_WVR-7M,MechPart,1,5
mechdef_wraith_TR1,MechPart,1,5
mechdef_wyvern_WVE-6N,MechPart,1,5
mechdef_scorpion_SCP-1O,MechPart,1,5
mechdef_scorpionlam_SCP-1X,MechPart,1,5
mechdef_wawkalak_WKL-4K,MechPart,1,5
